{
"quotes":{
    "USDAED":3.672501,
    "USDAFN":67.449997,
    "USDALL":123.699997,
    "USDAMD":484.119995,
    "USDANG":1.789699,
    "USDAOA":165.087006,
    "USDARS":15.398999,
    "USDAUD":1.337201,
    "USDAWG":1.79,
    "USDAZN":1.702006,
    "USDBAM":1.802101,
    "USDBBD":2,
    "USDBDT":82.160004,
    "USDBGN":1.797502,
    "USDBHD":0.376198,
    "USDBIF":1700.26001,
    "USDBMD":1,
    "USDBND":1.395803,
    "USDBOB":6.869926,
    "USDBRL":3.182013,
    "USDBSD":1,
    "USDBTC":0.000756,
    "USDBTN":64.074997,
    "USDBWP":10.379199,
    "USDBYN":1.880397,
    "USDBYR":20020,
    "USDBZD":1.997799,
    "USDCAD":1.36284,
    "USDCDF":1399.01001,
    "USDCHF":0.99394,
    "USDCLF":0.02472,
    "USDCLP":662.700012,
    "USDCNY":6.895702,
    "USDCOP":2938.800049,
    "USDCRC":550.070007,
    "USDCUC":1,
    "USDCUP":0.999772,
    "USDCVE":101.480003,
    "USDCZK":24.846701,
    "USDDJF":175.839996,
    "USDDKK":6.84366,
    "USDDOP":47.060001,
    "USDDZD":108.997002,
    "USDEEK":14.094971,
    "USDEGP":18.049999,
    "USDERN":15.290024,
    "USDETB":22.809999,
    "USDEUR":0.919799,
    "USDFJD":2.095505,
    "USDFKP":0.774301,
    "USDGBP":0.77492,
    "USDGEL":2.465103,
    "USDGGP":0.775165,
    "USDGHS":4.0985,
    "USDGIP":0.774601,
    "USDGMD":44.049999,
    "USDGNF":9199.999777,
    "USDGTQ":7.341495,
    "USDGYD":204.350006,
    "USDHKD":7.78108,
    "USDHNL":23.370001,
    "USDHRK":6.850097,
    "USDHTG":67.910004,
    "USDHUF":286.48999,
    "USDIDR":13326,
    "USDILS":3.628038,
    "USDIMP":0.775165,
    "USDINR":64.099998,
    "USDIQD":1181,
    "USDIRR":32439.000417,
    "USDISK":106.400002,
    "USDJEP":0.775165,
    "USDJMD":128.490005,
    "USDJOD":0.708504,
    "USDJPY":111.207975,
    "USDKES":103.050003,
    "USDKGS":67.218002,
    "USDKHR":4004.600098,
    "USDKMF":461.820007,
    "USDKPW":899.999832,
    "USDKRW":1129.999995,
    "USDKWD":0.304008,
    "USDKYD":0.81977,
    "USDKZT":314.26001,
    "USDLAK":8189.999841,
    "USDLBP":1506.199951,
    "USDLKR":152.000121,
    "USDLRD":90.999846,
    "USDLSL":13.360478,
    "USDLTL":3.048696,
    "USDLVL":0.62055,
    "USDLYD":1.407701,
    "USDMAD":9.929503,
    "USDMDL":19.094999,
    "USDMGA":3150.000407,
    "USDMKD":56.340295,
    "USDMMK":1359.000268,
    "USDMNT":2409.99951,
    "USDMOP":8.014402,
    "USDMRO":356.999584,
    "USDMUR":34.759998,
    "USDMVR":15.359975,
    "USDMWK":717.97998,
    "USDMXN":19.065001,
    "USDMYR":4.348999,
    "USDMZN":70.440002,
    "USDNAD":13.350279,
    "USDNGN":314.496975,
    "USDNIO":29.39682,
    "USDNOK":8.56503,
    "USDNPR":102.099998,
    "USDNZD":1.453604,
    "USDOMR":0.384498,
    "USDPAB":1,
    "USDPEN":3.241501,
    "USDPGK":3.1571,
    "USDPHP":50.060001,
    "USDPKR":104.599998,
    "USDPLN":3.882499,
    "USDPYG":5559.000278,
    "USDQAR":3.6411,
    "USDRON":4.165982,
    "USDRSD":112.678001,
    "USDRUB":56.981201,
    "USDRWF":818.890015,
    "USDSAR":3.749596,
    "USDSBD":7.840595,
    "USDSCR":13.544979,
    "USDSDG":6.659801,
    "USDSEK":8.8375,
    "USDSGD":1.396401,
    "USDSHP":0.774599,
    "USDSLL":7449.999983,
    "USDSOS":549.000125,
    "USDSRD":7.479981,
    "USDSTD":22547.400391,
    "USDSVC":8.722205,
    "USDSYP":514.97998,
    "USDSZL":13.32991,
    "USDTHB":34.630001,
    "USDTJS":8.4771,
    "USDTMT":3.41,
    "USDTND":2.414026,
    "USDTOP":2.313903,
    "USDTRY":3.564398,
    "USDTTD":6.709502,
    "USDTWD":30.149563,
    "USDTZS":2229.999722,
    "USDUAH":26.524994,
    "USDUGX":3635.00003,
    "USDUSD":1,
    "USDUYU":28.069916,
    "USDUZS":3700.999858,
    "USDVEF":9.974503,
    "USDVND":22729,
    "USDVUV":107.739998,
    "USDWST":2.593603,
    "USDXAF":603.039978,
    "USDXAG":0.057805,
    "USDXAU":0.000791,
    "USDXCD":2.699756,
    "USDXDR":0.730413,
    "USDXOF":604.419983,
    "USDXPF":109.220001,
    "USDYER":249.850006,
    "USDZAR":13.337201,
    "USDZMK":9.404991,
    "USDZMW":9.33027,
    "USDZWL":322.355011
  }
}